CGGA_ID,Grade,Gender,Age_at_diagnosis,Race,IDH1,TP53,ATRX,PTEN,EGFR,CIC,MUC16,PIK3CA,NF1,PIK3R1,FUBP1,RB1,NOTCH1,BCOR,CSMD3,SMARCA4,GRIN2A,IDH2,FAT4,PDGFRA
CGGA_528,0,1,51,2,Wildtype,Wildtype,Wildtype,Wildtype,Wildtype,Wildtype,Wildtype,Wildtype,Wildtype,Wildtype,Wildtype,Wildtype,Wildtype,Wildtype,Wildtype,Wildtype,Wildtype,Wildtype,Wildtype,Wildtype
CGGA_579,0,1,42,2,Wildtype,Wildtype,Wildtype,Wildtype,Wildtype,Wildtype,Wildtype,Wildtype,Wildtype,Wildtype,Wildtype,Wildtype,Wildtype,Wildtype,Wildtype,Wildtype,Wildtype,Wildtype,Wildtype,Wildtype
CGGA_653,0,0,33,2,missense_variant,Wildtype,Wildtype,Wildtype,Wildtype,missense_variant,Wildtype,Wildtype,Wildtype,Wildtype,Wildtype,Wildtype,Wildtype,Wildtype,Wildtype,Wildtype,Wildtype,Wildtype,Wildtype,Wildtype
CGGA_715,0,0,43,2,missense_variant,Wildtype,Wildtype,Wildtype,Wildtype,missense_variant,Wildtype,Wildtype,Wildtype,Wildtype,Wildtype,Wildtype,Wildtype,Wildtype,Wildtype,Wildtype,Wildtype,Wildtype,Wildtype,Wildtype
CGGA_723,0,1,25,2,missense_variant,Wildtype,Wildtype,Wildtype,Wildtype,multiple_variant,Wildtype,Wildtype,Wildtype,Wildtype,Wildtype,Wildtype,Wildtype,Wildtype,Wildtype,Wildtype,Wildtype,Wildtype,Wildtype,Wildtype
CGGA_726,0,1,38,2,Wildtype,Wildtype,Wildtype,Wildtype,Wildtype,Wildtype,Wildtype,Wildtype,Wildtype,Wildtype,Wildtype,Wildtype,Wildtype,Wildtype,Wildtype,Wildtype,Wildtype,Wildtype,Wildtype,Wildtype
CGGA_755,0,0,45,2,missense_variant,Wildtype,Wildtype,Wildtype,Wildtype,Wildtype,Wildtype,Wildtype,Wildtype,inframe_deletion,Wildtype,Wildtype,Wildtype,Wildtype,Wildtype,Wildtype,Wildtype,Wildtype,Wildtype,Wildtype
CGGA_762,0,1,40,2,missense_variant,Wildtype,Wildtype,Wildtype,Wildtype,missense_variant,Wildtype,Wildtype,Wildtype,Wildtype,Wildtype,Wildtype,Wildtype,Wildtype,Wildtype,Wildtype,Wildtype,Wildtype,Wildtype,Wildtype
CGGA_785,0,0,43,2,missense_variant,Wildtype,Wildtype,Wildtype,Wildtype,Wildtype,Wildtype,Wildtype,Wildtype,missense_variant,Wildtype,Wildtype,missense_variant,Wildtype,Wildtype,Wildtype,Wildtype,Wildtype,Wildtype,Wildtype
CGGA_835,0,0,31,2,missense_variant,Wildtype,Wildtype,Wildtype,Wildtype,Wildtype,Wildtype,Wildtype,Wildtype,Wildtype,Wildtype,Wildtype,Wildtype,Wildtype,Wildtype,Wildtype,Wildtype,Wildtype,Wildtype,Wildtype
CGGA_836,0,1,26,2,missense_variant,Wildtype,Wildtype,Wildtype,Wildtype,frameshift_variant,Wildtype,Wildtype,frameshift_variant,Wildtype,Wildtype,Wildtype,Wildtype,Wildtype,Wildtype,Wildtype,Wildtype,Wildtype,Wildtype,missense_variant
CGGA_858,0,0,42,2,missense_variant,Wildtype,Wildtype,Wildtype,Wildtype,missense_variant,missense_variant,Wildtype,Wildtype,Wildtype,Wildtype,Wildtype,Wildtype,Wildtype,Wildtype,Wildtype,Wildtype,Wildtype,Wildtype,Wildtype
CGGA_864,0,0,34,2,missense_variant,Wildtype,Wildtype,Wildtype,Wildtype,stop_gained,Wildtype,Wildtype,Wildtype,Wildtype,Wildtype,Wildtype,Wildtype,Wildtype,Wildtype,Wildtype,Wildtype,Wildtype,Wildtype,Wildtype
CGGA_871,0,0,37,2,Wildtype,Wildtype,Wildtype,Wildtype,Wildtype,frameshift_variant,Wildtype,Wildtype,Wildtype,Wildtype,Wildtype,Wildtype,Wildtype,Wildtype,Wildtype,Wildtype,Wildtype,missense_variant,Wildtype,Wildtype
CGGA_890,0,0,39,2,missense_variant,missense_variant,Wildtype,Wildtype,Wildtype,Wildtype,Wildtype,Wildtype,Wildtype,Wildtype,Wildtype,Wildtype,Wildtype,Wildtype,Wildtype,Wildtype,Wildtype,Wildtype,Wildtype,Wildtype
CGGA_892,0,0,34,2,missense_variant,Wildtype,Wildtype,Wildtype,Wildtype,frameshift_variant,Wildtype,Wildtype,Wildtype,Wildtype,Wildtype,Wildtype,Wildtype,Wildtype,Wildtype,Wildtype,Wildtype,Wildtype,Wildtype,Wildtype
CGGA_893,0,1,36,2,missense_variant,multiple_variant,frameshift_variant,Wildtype,Wildtype,Wildtype,Wildtype,Wildtype,Wildtype,Wildtype,Wildtype,Wildtype,Wildtype,Wildtype,Wildtype,Wildtype,Wildtype,Wildtype,Wildtype,Wildtype
CGGA_1217,0,0,47,2,Wildtype,Wildtype,Wildtype,Wildtype,Wildtype,Wildtype,Wildtype,Wildtype,Wildtype,Wildtype,Wildtype,Wildtype,Wildtype,Wildtype,Wildtype,Wildtype,Wildtype,Wildtype,Wildtype,Wildtype
CGGA_1222,1,0,54,2,Wildtype,Wildtype,Wildtype,Wildtype,Wildtype,Wildtype,Wildtype,Wildtype,Wildtype,Wildtype,Wildtype,Wildtype,Wildtype,Wildtype,Wildtype,Wildtype,Wildtype,Wildtype,Wildtype,Wildtype
CGGA_1226,0,1,33,2,Wildtype,Wildtype,Wildtype,Wildtype,Wildtype,Wildtype,Wildtype,Wildtype,Wildtype,Wildtype,Wildtype,Wildtype,Wildtype,Wildtype,Wildtype,Wildtype,Wildtype,Wildtype,Wildtype,Wildtype
CGGA_1227,1,1,46,2,Wildtype,Wildtype,Wildtype,missense_variant,missense_variant,Wildtype,Wildtype,Wildtype,Wildtype,Wildtype,Wildtype,Wildtype,Wildtype,Wildtype,Wildtype,Wildtype,Wildtype,Wildtype,Wildtype,Wildtype
CGGA_1231,0,1,31,2,Wildtype,Wildtype,Wildtype,Wildtype,Wildtype,Wildtype,Wildtype,Wildtype,Wildtype,Wildtype,Wildtype,Wildtype,Wildtype,Wildtype,Wildtype,Wildtype,Wildtype,Wildtype,Wildtype,Wildtype
CGGA_1232,0,0,39,2,Wildtype,missense_variant,stop_gained,Wildtype,Wildtype,Wildtype,Wildtype,Wildtype,Wildtype,Wildtype,Wildtype,Wildtype,Wildtype,Wildtype,Wildtype,Wildtype,Wildtype,Wildtype,Wildtype,Wildtype
CGGA_1237,1,0,62,2,Wildtype,Wildtype,Wildtype,Wildtype,missense_variant,Wildtype,Wildtype,Wildtype,Wildtype,Wildtype,Wildtype,Wildtype,Wildtype,Wildtype,Wildtype,Wildtype,Wildtype,Wildtype,Wildtype,Wildtype
CGGA_1242,0,1,47,2,Wildtype,multiple_variant,stop_gained,Wildtype,Wildtype,Wildtype,Wildtype,Wildtype,Wildtype,Wildtype,Wildtype,Wildtype,Wildtype,Wildtype,Wildtype,Wildtype,Wildtype,Wildtype,Wildtype,Wildtype
CGGA_1244,1,0,42,2,Wildtype,missense_variant,Wildtype,Wildtype,Wildtype,Wildtype,Wildtype,Wildtype,Wildtype,Wildtype,Wildtype,Wildtype,Wildtype,Wildtype,Wildtype,Wildtype,Wildtype,Wildtype,Wildtype,Wildtype
CGGA_1250,0,0,51,2,missense_variant,Wildtype,Wildtype,Wildtype,Wildtype,frameshift_variant,Wildtype,missense_variant,Wildtype,Wildtype,Wildtype,Wildtype,Wildtype,Wildtype,Wildtype,Wildtype,Wildtype,Wildtype,Wildtype,Wildtype
CGGA_1251,1,1,42,2,Wildtype,inframe_deletion,Wildtype,Wildtype,Wildtype,Wildtype,Wildtype,Wildtype,stop_gained,Wildtype,Wildtype,Wildtype,Wildtype,Wildtype,Wildtype,Wildtype,Wildtype,Wildtype,Wildtype,Wildtype
CGGA_1254,1,1,20,2,Wildtype,Wildtype,Wildtype,Wildtype,Wildtype,Wildtype,Wildtype,Wildtype,Wildtype,Wildtype,Wildtype,Wildtype,Wildtype,Wildtype,Wildtype,Wildtype,Wildtype,Wildtype,Wildtype,Wildtype
CGGA_1255,1,0,49,2,Wildtype,multiple_variant,Wildtype,Wildtype,Wildtype,Wildtype,Wildtype,Wildtype,Wildtype,Wildtype,Wildtype,multiple_variant,Wildtype,Wildtype,Wildtype,Wildtype,Wildtype,Wildtype,Wildtype,Wildtype
CGGA_1256,1,1,52,2,Wildtype,Wildtype,Wildtype,Wildtype,Wildtype,Wildtype,Wildtype,Wildtype,Wildtype,Wildtype,Wildtype,Wildtype,Wildtype,missense_variant,Wildtype,Wildtype,Wildtype,Wildtype,Wildtype,Wildtype
CGGA_1257,1,0,59,2,Wildtype,Wildtype,Wildtype,Wildtype,Wildtype,Wildtype,Wildtype,Wildtype,Wildtype,Wildtype,Wildtype,Wildtype,Wildtype,Wildtype,Wildtype,Wildtype,Wildtype,Wildtype,Wildtype,Wildtype
CGGA_1259,0,1,43,2,Wildtype,Wildtype,Wildtype,Wildtype,Wildtype,Wildtype,Wildtype,Wildtype,Wildtype,Wildtype,Wildtype,Wildtype,Wildtype,Wildtype,Wildtype,Wildtype,Wildtype,Wildtype,Wildtype,Wildtype
CGGA_1260,1,0,32,2,Wildtype,frameshift_variant,Wildtype,Wildtype,Wildtype,Wildtype,Wildtype,Wildtype,Wildtype,Wildtype,Wildtype,Wildtype,Wildtype,frameshift_variant,Wildtype,Wildtype,Wildtype,Wildtype,Wildtype,Wildtype
CGGA_1261,1,0,41,2,missense_variant,missense_variant,frameshift_variant,Wildtype,Wildtype,Wildtype,Wildtype,Wildtype,multiple_variant,Wildtype,Wildtype,Wildtype,Wildtype,Wildtype,Wildtype,Wildtype,Wildtype,Wildtype,Wildtype,Wildtype
CGGA_1263,0,0,50,2,Wildtype,Wildtype,Wildtype,Wildtype,Wildtype,Wildtype,Wildtype,Wildtype,Wildtype,Wildtype,Wildtype,Wildtype,Wildtype,Wildtype,Wildtype,Wildtype,Wildtype,Wildtype,Wildtype,Wildtype
CGGA_1266,1,0,22,2,Wildtype,frameshift_variant,Wildtype,Wildtype,Wildtype,Wildtype,Wildtype,Wildtype,frameshift_variant,Wildtype,Wildtype,Wildtype,Wildtype,Wildtype,Wildtype,Wildtype,Wildtype,Wildtype,Wildtype,Wildtype
CGGA_1274,1,1,41,2,Wildtype,missense_variant,Wildtype,Wildtype,Wildtype,Wildtype,Wildtype,Wildtype,Wildtype,Wildtype,Wildtype,Wildtype,Wildtype,Wildtype,Wildtype,Wildtype,Wildtype,Wildtype,Wildtype,missense_variant
CGGA_1277,1,1,33,2,Wildtype,stop_gained,Wildtype,Wildtype,Wildtype,Wildtype,Wildtype,Wildtype,frameshift_variant,Wildtype,Wildtype,Wildtype,Wildtype,Wildtype,Wildtype,Wildtype,Wildtype,Wildtype,frameshift_variant,Wildtype
CGGA_1279,1,0,56,2,Wildtype,Wildtype,Wildtype,frameshift_variant,Wildtype,Wildtype,Wildtype,Wildtype,Wildtype,Wildtype,Wildtype,Wildtype,Wildtype,Wildtype,Wildtype,Wildtype,Wildtype,Wildtype,Wildtype,Wildtype
CGGA_1282,1,1,33,2,Wildtype,Wildtype,Wildtype,stop_gained,Wildtype,Wildtype,Wildtype,Wildtype,Wildtype,Wildtype,Wildtype,Wildtype,Wildtype,Wildtype,Wildtype,Wildtype,Wildtype,Wildtype,Wildtype,Wildtype
CGGA_1287,1,0,29,2,missense_variant,disruptive_inframe_deletion,stop_gained,Wildtype,Wildtype,Wildtype,Wildtype,missense_variant,Wildtype,Wildtype,Wildtype,Wildtype,Wildtype,Wildtype,Wildtype,Wildtype,Wildtype,Wildtype,Wildtype,Wildtype
CGGA_1288,1,0,35,2,missense_variant,Wildtype,Wildtype,Wildtype,Wildtype,missense_variant,Wildtype,missense_variant,Wildtype,Wildtype,Wildtype,Wildtype,Wildtype,Wildtype,Wildtype,Wildtype,Wildtype,Wildtype,Wildtype,Wildtype
CGGA_1294,0,0,45,2,Wildtype,Wildtype,Wildtype,Wildtype,Wildtype,missense_variant,Wildtype,Wildtype,Wildtype,Wildtype,Wildtype,Wildtype,Wildtype,Wildtype,Wildtype,Wildtype,Wildtype,Wildtype,Wildtype,Wildtype
CGGA_1295,0,0,40,2,Wildtype,frameshift_variant,Wildtype,Wildtype,Wildtype,Wildtype,Wildtype,Wildtype,Wildtype,Wildtype,Wildtype,Wildtype,Wildtype,Wildtype,Wildtype,Wildtype,Wildtype,Wildtype,Wildtype,Wildtype
CGGA_1303,0,1,45,2,missense_variant,missense_variant,Wildtype,Wildtype,Wildtype,Wildtype,Wildtype,Wildtype,Wildtype,Wildtype,Wildtype,Wildtype,Wildtype,Wildtype,Wildtype,Wildtype,Wildtype,Wildtype,Wildtype,Wildtype
CGGA_1305,0,0,43,2,Wildtype,multiple_variant,frameshift_variant,Wildtype,Wildtype,Wildtype,Wildtype,Wildtype,Wildtype,Wildtype,Wildtype,Wildtype,Wildtype,Wildtype,Wildtype,Wildtype,Wildtype,Wildtype,Wildtype,Wildtype
CGGA_1306,0,0,48,2,Wildtype,Wildtype,Wildtype,Wildtype,Wildtype,Wildtype,Wildtype,Wildtype,Wildtype,Wildtype,Wildtype,Wildtype,Wildtype,Wildtype,Wildtype,Wildtype,Wildtype,Wildtype,Wildtype,Wildtype
CGGA_1307,0,1,25,2,missense_variant,multiple_variant,Wildtype,stop_gained,Wildtype,Wildtype,Wildtype,Wildtype,Wildtype,stop_gained,Wildtype,Wildtype,Wildtype,Wildtype,Wildtype,Wildtype,Wildtype,Wildtype,Wildtype,Wildtype
CGGA_1314,1,1,27,2,missense_variant,missense_variant,missense_variant,Wildtype,Wildtype,Wildtype,Wildtype,Wildtype,Wildtype,missense_variant,Wildtype,Wildtype,Wildtype,Wildtype,Wildtype,Wildtype,Wildtype,Wildtype,Wildtype,Wildtype
CGGA_1317,0,0,45,2,missense_variant,Wildtype,Wildtype,Wildtype,Wildtype,Wildtype,Wildtype,Wildtype,Wildtype,Wildtype,Wildtype,Wildtype,Wildtype,Wildtype,Wildtype,Wildtype,Wildtype,Wildtype,Wildtype,Wildtype
CGGA_1318,0,0,39,2,missense_variant,missense_variant,stop_gained,Wildtype,Wildtype,Wildtype,Wildtype,Wildtype,Wildtype,Wildtype,Wildtype,Wildtype,Wildtype,Wildtype,Wildtype,Wildtype,Wildtype,Wildtype,Wildtype,Wildtype
CGGA_1322,0,0,10,2,missense_variant,missense_variant,frameshift_variant,Wildtype,Wildtype,Wildtype,Wildtype,Wildtype,Wildtype,Wildtype,Wildtype,Wildtype,missense_variant,Wildtype,Wildtype,Wildtype,Wildtype,Wildtype,Wildtype,multiple_variant
CGGA_1325,1,0,20,2,Wildtype,Wildtype,Wildtype,Wildtype,Wildtype,Wildtype,Wildtype,Wildtype,Wildtype,Wildtype,Wildtype,Wildtype,Wildtype,Wildtype,Wildtype,Wildtype,Wildtype,Wildtype,Wildtype,Wildtype
CGGA_1328,1,1,48,2,Wildtype,missense_variant,missense_variant,Wildtype,Wildtype,Wildtype,Wildtype,Wildtype,Wildtype,Wildtype,Wildtype,Wildtype,Wildtype,Wildtype,Wildtype,Wildtype,Wildtype,Wildtype,Wildtype,Wildtype
CGGA_1329,0,1,43,2,Wildtype,stop_gained,Wildtype,Wildtype,Wildtype,Wildtype,Wildtype,Wildtype,Wildtype,Wildtype,Wildtype,Wildtype,Wildtype,Wildtype,Wildtype,Wildtype,Wildtype,Wildtype,Wildtype,Wildtype
CGGA_1330,0,0,47,2,Wildtype,multiple_variant,frameshift_variant,Wildtype,Wildtype,Wildtype,Wildtype,Wildtype,Wildtype,Wildtype,Wildtype,Wildtype,Wildtype,Wildtype,Wildtype,Wildtype,Wildtype,Wildtype,Wildtype,Wildtype
CGGA_1338,1,1,61,2,Wildtype,missense_variant,Wildtype,missense_variant,Wildtype,Wildtype,Wildtype,Wildtype,Wildtype,missense_variant,Wildtype,Wildtype,Wildtype,Wildtype,Wildtype,Wildtype,Wildtype,Wildtype,Wildtype,Wildtype
CGGA_1339,0,0,41,2,missense_variant,Wildtype,Wildtype,Wildtype,Wildtype,Wildtype,Wildtype,Wildtype,Wildtype,Wildtype,Wildtype,Wildtype,Wildtype,Wildtype,Wildtype,Wildtype,Wildtype,Wildtype,Wildtype,Wildtype
CGGA_1340,0,0,35,2,Wildtype,disruptive_inframe_deletion,stop_gained,Wildtype,Wildtype,Wildtype,Wildtype,Wildtype,Wildtype,Wildtype,Wildtype,Wildtype,Wildtype,Wildtype,Wildtype,Wildtype,Wildtype,Wildtype,Wildtype,Wildtype
CGGA_1343,1,0,34,2,Wildtype,missense_variant,Wildtype,stop_gained,Wildtype,Wildtype,Wildtype,Wildtype,Wildtype,Wildtype,missense_variant,Wildtype,Wildtype,Wildtype,Wildtype,Wildtype,Wildtype,Wildtype,multiple_variant,multiple_variant
CGGA_1350,0,0,36,2,missense_variant,Wildtype,Wildtype,Wildtype,Wildtype,missense_variant,Wildtype,Wildtype,Wildtype,Wildtype,frameshift_variant,Wildtype,multiple_variant,Wildtype,Wildtype,Wildtype,Wildtype,Wildtype,Wildtype,Wildtype
CGGA_1351,0,1,22,2,Wildtype,stop_gained,Wildtype,Wildtype,Wildtype,Wildtype,Wildtype,Wildtype,Wildtype,Wildtype,Wildtype,Wildtype,Wildtype,Wildtype,Wildtype,Wildtype,Wildtype,Wildtype,Wildtype,Wildtype
CGGA_1358,0,1,33,2,Wildtype,missense_variant,frameshift_variant,Wildtype,Wildtype,Wildtype,Wildtype,Wildtype,Wildtype,Wildtype,Wildtype,Wildtype,Wildtype,Wildtype,Wildtype,Wildtype,Wildtype,Wildtype,Wildtype,Wildtype
CGGA_1361,0,0,40,2,missense_variant,multiple_variant,frameshift_variant,Wildtype,Wildtype,Wildtype,Wildtype,Wildtype,Wildtype,Wildtype,Wildtype,Wildtype,Wildtype,Wildtype,Wildtype,Wildtype,Wildtype,Wildtype,Wildtype,Wildtype
CGGA_1362,0,1,64,2,Wildtype,Wildtype,Wildtype,Wildtype,Wildtype,Wildtype,Wildtype,Wildtype,Wildtype,Wildtype,Wildtype,Wildtype,Wildtype,Wildtype,Wildtype,Wildtype,Wildtype,Wildtype,Wildtype,Wildtype
CGGA_1364,0,1,45,2,missense_variant,Wildtype,Wildtype,Wildtype,Wildtype,Wildtype,frameshift_variant,Wildtype,Wildtype,Wildtype,Wildtype,Wildtype,Wildtype,Wildtype,Wildtype,Wildtype,Wildtype,Wildtype,Wildtype,Wildtype
CGGA_1365,1,0,55,2,Wildtype,missense_variant,Wildtype,Wildtype,Wildtype,Wildtype,Wildtype,Wildtype,Wildtype,Wildtype,Wildtype,Wildtype,Wildtype,Wildtype,Wildtype,Wildtype,Wildtype,Wildtype,Wildtype,Wildtype
CGGA_1368,0,0,49,2,missense_variant,Wildtype,Wildtype,Wildtype,Wildtype,Wildtype,Wildtype,Wildtype,Wildtype,Wildtype,Wildtype,Wildtype,Wildtype,Wildtype,Wildtype,Wildtype,Wildtype,Wildtype,Wildtype,Wildtype
CGGA_1373,0,1,34,2,Wildtype,multiple_variant,frameshift_variant,Wildtype,Wildtype,Wildtype,Wildtype,Wildtype,Wildtype,Wildtype,Wildtype,Wildtype,Wildtype,Wildtype,Wildtype,Wildtype,Wildtype,Wildtype,Wildtype,Wildtype
CGGA_1374,0,0,22,2,Wildtype,frameshift_variant,frameshift_variant,Wildtype,Wildtype,Wildtype,Wildtype,Wildtype,Wildtype,Wildtype,Wildtype,Wildtype,Wildtype,Wildtype,Wildtype,Wildtype,Wildtype,Wildtype,Wildtype,Wildtype
CGGA_1377,0,0,28,2,missense_variant,missense_variant,frameshift_variant,Wildtype,Wildtype,Wildtype,Wildtype,Wildtype,Wildtype,Wildtype,Wildtype,Wildtype,Wildtype,Wildtype,Wildtype,Wildtype,Wildtype,Wildtype,Wildtype,Wildtype
CGGA_1378,1,0,47,2,Wildtype,multiple_variant,multiple_variant,Wildtype,Wildtype,Wildtype,Wildtype,Wildtype,Wildtype,Wildtype,Wildtype,Wildtype,Wildtype,Wildtype,Wildtype,Wildtype,Wildtype,Wildtype,Wildtype,Wildtype
CGGA_1381,1,1,36,2,Wildtype,Wildtype,Wildtype,Wildtype,Wildtype,Wildtype,missense_variant,Wildtype,Wildtype,Wildtype,Wildtype,Wildtype,Wildtype,Wildtype,Wildtype,Wildtype,Wildtype,Wildtype,Wildtype,Wildtype
CGGA_1382,1,0,57,2,Wildtype,Wildtype,Wildtype,frameshift_variant,Wildtype,Wildtype,Wildtype,Wildtype,Wildtype,Wildtype,Wildtype,Wildtype,Wildtype,Wildtype,Wildtype,Wildtype,Wildtype,Wildtype,Wildtype,Wildtype
CGGA_1383,0,1,47,2,Wildtype,Wildtype,Wildtype,Wildtype,Wildtype,Wildtype,Wildtype,Wildtype,Wildtype,Wildtype,Wildtype,Wildtype,Wildtype,Wildtype,Wildtype,Wildtype,Wildtype,Wildtype,Wildtype,Wildtype
CGGA_1384,1,1,39,2,missense_variant,missense_variant,Wildtype,Wildtype,Wildtype,Wildtype,Wildtype,Wildtype,Wildtype,Wildtype,Wildtype,Wildtype,Wildtype,Wildtype,Wildtype,Wildtype,Wildtype,Wildtype,Wildtype,Wildtype
CGGA_1388,0,0,37,2,Wildtype,stop_gained,missense_variant,Wildtype,Wildtype,Wildtype,Wildtype,Wildtype,Wildtype,Wildtype,Wildtype,Wildtype,Wildtype,Wildtype,Wildtype,Wildtype,Wildtype,Wildtype,Wildtype,Wildtype
CGGA_1394,1,0,37,2,missense_variant,stop_gained,Wildtype,missense_variant,Wildtype,Wildtype,multiple_variant,missense_variant,Wildtype,Wildtype,Wildtype,Wildtype,Wildtype,Wildtype,Wildtype,Wildtype,Wildtype,Wildtype,Wildtype,Wildtype
CGGA_1406,0,0,34,2,Wildtype,stop_gained,missense_variant,Wildtype,Wildtype,Wildtype,Wildtype,Wildtype,Wildtype,Wildtype,Wildtype,Wildtype,Wildtype,Wildtype,Wildtype,Wildtype,Wildtype,Wildtype,Wildtype,Wildtype
CGGA_1408,0,1,64,2,Wildtype,Wildtype,Wildtype,Wildtype,Wildtype,Wildtype,Wildtype,Wildtype,Wildtype,Wildtype,Wildtype,Wildtype,Wildtype,Wildtype,Wildtype,Wildtype,Wildtype,Wildtype,Wildtype,Wildtype
CGGA_1409,1,1,24,2,Wildtype,missense_variant,Wildtype,Wildtype,Wildtype,Wildtype,Wildtype,Wildtype,Wildtype,Wildtype,Wildtype,Wildtype,Wildtype,Wildtype,Wildtype,Wildtype,Wildtype,Wildtype,Wildtype,Wildtype
CGGA_1411,0,1,40,2,Wildtype,Wildtype,Wildtype,Wildtype,Wildtype,Wildtype,Wildtype,Wildtype,Wildtype,Wildtype,Wildtype,Wildtype,Wildtype,Wildtype,Wildtype,Wildtype,Wildtype,Wildtype,Wildtype,Wildtype
CGGA_1413,0,0,35,2,missense_variant,Wildtype,Wildtype,Wildtype,Wildtype,Wildtype,Wildtype,Wildtype,Wildtype,Wildtype,Wildtype,Wildtype,Wildtype,Wildtype,Wildtype,Wildtype,Wildtype,Wildtype,Wildtype,Wildtype
CGGA_1415,1,1,30,2,Wildtype,Wildtype,Wildtype,Wildtype,Wildtype,Wildtype,Wildtype,Wildtype,Wildtype,Wildtype,Wildtype,Wildtype,missense_variant,Wildtype,Wildtype,Wildtype,Wildtype,Wildtype,Wildtype,Wildtype
CGGA_1417,0,0,56,2,missense_variant,Wildtype,Wildtype,Wildtype,Wildtype,frameshift_variant,Wildtype,Wildtype,Wildtype,Wildtype,Wildtype,Wildtype,multiple_variant,Wildtype,Wildtype,Wildtype,Wildtype,Wildtype,Wildtype,Wildtype
CGGA_1418,1,1,73,2,Wildtype,frameshift_variant,Wildtype,multiple_variant,Wildtype,Wildtype,Wildtype,Wildtype,Wildtype,Wildtype,Wildtype,Wildtype,Wildtype,Wildtype,Wildtype,Wildtype,Wildtype,Wildtype,Wildtype,Wildtype
CGGA_1422,1,0,76,2,Wildtype,Wildtype,Wildtype,frameshift_variant,Wildtype,Wildtype,Wildtype,Wildtype,frameshift_variant,Wildtype,Wildtype,Wildtype,Wildtype,Wildtype,Wildtype,Wildtype,Wildtype,Wildtype,Wildtype,Wildtype
CGGA_1424,0,1,41,2,missense_variant,Wildtype,Wildtype,Wildtype,Wildtype,missense_variant,Wildtype,Wildtype,Wildtype,Wildtype,frameshift_variant,Wildtype,disruptive_inframe_deletion,Wildtype,Wildtype,Wildtype,Wildtype,Wildtype,Wildtype,Wildtype
CGGA_1429,1,1,40,2,missense_variant,Wildtype,Wildtype,Wildtype,Wildtype,missense_variant,Wildtype,Wildtype,Wildtype,inframe_deletion,multiple_variant,Wildtype,frameshift_variant,missense_variant,Wildtype,Wildtype,Wildtype,Wildtype,Wildtype,Wildtype
CGGA_1445,0,0,37,2,Wildtype,Wildtype,Wildtype,Wildtype,Wildtype,Wildtype,Wildtype,Wildtype,Wildtype,Wildtype,Wildtype,Wildtype,Wildtype,Wildtype,Wildtype,Wildtype,Wildtype,Wildtype,Wildtype,Wildtype
CGGA_1446,0,0,29,2,missense_variant,Wildtype,Wildtype,Wildtype,Wildtype,Wildtype,Wildtype,Wildtype,Wildtype,Wildtype,Wildtype,Wildtype,Wildtype,Wildtype,Wildtype,Wildtype,Wildtype,Wildtype,Wildtype,Wildtype
CGGA_1455,0,0,40,2,missense_variant,Wildtype,Wildtype,Wildtype,Wildtype,missense_variant,Wildtype,Wildtype,Wildtype,Wildtype,Wildtype,Wildtype,Wildtype,Wildtype,Wildtype,Wildtype,Wildtype,Wildtype,Wildtype,Wildtype
CGGA_1463,0,1,69,2,missense_variant,Wildtype,Wildtype,Wildtype,Wildtype,stop_gained,Wildtype,Wildtype,Wildtype,Wildtype,Wildtype,Wildtype,Wildtype,Wildtype,Wildtype,Wildtype,Wildtype,Wildtype,Wildtype,Wildtype
CGGA_1467,1,0,58,2,missense_variant,multiple_variant,stop_gained,Wildtype,Wildtype,Wildtype,Wildtype,Wildtype,Wildtype,Wildtype,Wildtype,Wildtype,stop_gained,Wildtype,Wildtype,missense_variant,Wildtype,Wildtype,Wildtype,Wildtype
CGGA_1474,0,1,50,2,missense_variant,Wildtype,Wildtype,Wildtype,Wildtype,stop_gained,Wildtype,Wildtype,Wildtype,missense_variant,Wildtype,Wildtype,Wildtype,Wildtype,Wildtype,Wildtype,Wildtype,Wildtype,Wildtype,Wildtype
CGGA_1481,1,0,55,2,Wildtype,missense_variant,Wildtype,Wildtype,Wildtype,Wildtype,Wildtype,Wildtype,Wildtype,Wildtype,Wildtype,Wildtype,Wildtype,Wildtype,Wildtype,Wildtype,Wildtype,Wildtype,Wildtype,Wildtype
CGGA_1486,1,0,45,2,Wildtype,Wildtype,Wildtype,Wildtype,Wildtype,Wildtype,Wildtype,missense_variant,multiple_variant,Wildtype,Wildtype,Wildtype,Wildtype,Wildtype,Wildtype,Wildtype,Wildtype,Wildtype,Wildtype,Wildtype
CGGA_1494,1,0,21,2,Wildtype,stop_gained,missense_variant,Wildtype,Wildtype,Wildtype,Wildtype,Wildtype,Wildtype,Wildtype,Wildtype,Wildtype,Wildtype,Wildtype,Wildtype,Wildtype,Wildtype,Wildtype,Wildtype,missense_variant
CGGA_1497,0,1,24,2,missense_variant,missense_variant,stop_gained,Wildtype,Wildtype,Wildtype,Wildtype,Wildtype,Wildtype,Wildtype,Wildtype,Wildtype,Wildtype,Wildtype,Wildtype,Wildtype,Wildtype,Wildtype,Wildtype,Wildtype
CGGA_1498,1,0,69,2,Wildtype,Wildtype,Wildtype,Wildtype,Wildtype,Wildtype,Wildtype,Wildtype,multiple_variant,Wildtype,Wildtype,Wildtype,Wildtype,Wildtype,Wildtype,Wildtype,Wildtype,Wildtype,Wildtype,Wildtype
CGGA_1503,1,0,47,2,Wildtype,Wildtype,Wildtype,Wildtype,Wildtype,Wildtype,Wildtype,Wildtype,Wildtype,Wildtype,Wildtype,Wildtype,Wildtype,Wildtype,Wildtype,Wildtype,Wildtype,Wildtype,Wildtype,Wildtype
CGGA_1514,0,1,57,2,Wildtype,Wildtype,Wildtype,multiple_variant,Wildtype,Wildtype,Wildtype,Wildtype,Wildtype,Wildtype,Wildtype,Wildtype,Wildtype,Wildtype,Wildtype,Wildtype,Wildtype,Wildtype,Wildtype,Wildtype
CGGA_1521,1,1,63,2,Wildtype,Wildtype,Wildtype,Wildtype,Wildtype,Wildtype,Wildtype,Wildtype,Wildtype,Wildtype,Wildtype,Wildtype,Wildtype,Wildtype,Wildtype,Wildtype,Wildtype,Wildtype,Wildtype,Wildtype
CGGA_1592,0,0,37,2,missense_variant,missense_variant,Wildtype,Wildtype,Wildtype,Wildtype,Wildtype,Wildtype,Wildtype,Wildtype,Wildtype,Wildtype,Wildtype,Wildtype,Wildtype,Wildtype,Wildtype,Wildtype,Wildtype,Wildtype
CGGA_1635,1,1,43,2,Wildtype,missense_variant,Wildtype,Wildtype,Wildtype,Wildtype,Wildtype,Wildtype,Wildtype,Wildtype,Wildtype,Wildtype,Wildtype,Wildtype,Wildtype,Wildtype,Wildtype,Wildtype,Wildtype,Wildtype
CGGA_1639,0,0,61,2,Wildtype,Wildtype,Wildtype,Wildtype,Wildtype,Wildtype,Wildtype,Wildtype,Wildtype,Wildtype,Wildtype,Wildtype,Wildtype,Wildtype,Wildtype,Wildtype,Wildtype,Wildtype,Wildtype,Wildtype
CGGA_1645,0,0,59,2,missense_variant,missense_variant,multiple_variant,Wildtype,Wildtype,Wildtype,Wildtype,Wildtype,Wildtype,Wildtype,Wildtype,Wildtype,missense_variant,Wildtype,Wildtype,Wildtype,Wildtype,Wildtype,Wildtype,Wildtype
CGGA_1650,1,0,36,2,Wildtype,missense_variant,Wildtype,Wildtype,Wildtype,Wildtype,Wildtype,Wildtype,Wildtype,Wildtype,Wildtype,Wildtype,Wildtype,Wildtype,Wildtype,Wildtype,Wildtype,Wildtype,Wildtype,Wildtype
CGGA_1656,1,0,56,2,Wildtype,Wildtype,Wildtype,Wildtype,missense_variant,Wildtype,Wildtype,Wildtype,Wildtype,Wildtype,Wildtype,Wildtype,Wildtype,Wildtype,missense_variant,Wildtype,Wildtype,Wildtype,Wildtype,Wildtype
CGGA_1667,0,1,40,2,missense_variant,Wildtype,Wildtype,Wildtype,Wildtype,Wildtype,Wildtype,Wildtype,Wildtype,Wildtype,Wildtype,Wildtype,missense_variant,Wildtype,Wildtype,Wildtype,Wildtype,Wildtype,Wildtype,Wildtype
CGGA_1699,1,1,41,2,missense_variant,Wildtype,Wildtype,Wildtype,Wildtype,inframe_deletion,Wildtype,Wildtype,Wildtype,Wildtype,Wildtype,Wildtype,Wildtype,Wildtype,Wildtype,Wildtype,Wildtype,Wildtype,Wildtype,Wildtype
CGGA_1720,0,0,35,2,missense_variant,Wildtype,Wildtype,Wildtype,Wildtype,Wildtype,Wildtype,Wildtype,Wildtype,Wildtype,Wildtype,Wildtype,Wildtype,Wildtype,Wildtype,Wildtype,Wildtype,Wildtype,Wildtype,Wildtype
CGGA_1722,1,1,60,2,Wildtype,Wildtype,Wildtype,stop_gained,Wildtype,Wildtype,Wildtype,Wildtype,stop_gained,missense_variant,Wildtype,Wildtype,Wildtype,Wildtype,Wildtype,Wildtype,Wildtype,Wildtype,Wildtype,Wildtype
CGGA_1780,1,1,57,2,Wildtype,Wildtype,Wildtype,Wildtype,Wildtype,Wildtype,Wildtype,Wildtype,Wildtype,Wildtype,Wildtype,Wildtype,Wildtype,Wildtype,Wildtype,Wildtype,Wildtype,Wildtype,Wildtype,Wildtype
CGGA_1807,1,1,65,2,Wildtype,Wildtype,missense_variant,Wildtype,Wildtype,Wildtype,Wildtype,Wildtype,Wildtype,Wildtype,Wildtype,Wildtype,Wildtype,Wildtype,Wildtype,Wildtype,Wildtype,Wildtype,Wildtype,multiple_variant
CGGA_1809,0,0,27,2,Wildtype,Wildtype,Wildtype,Wildtype,Wildtype,Wildtype,Wildtype,Wildtype,missense_variant,Wildtype,Wildtype,Wildtype,Wildtype,Wildtype,Wildtype,Wildtype,Wildtype,Wildtype,Wildtype,Wildtype
CGGA_1812,1,0,65,2,Wildtype,Wildtype,Wildtype,Wildtype,Wildtype,Wildtype,Wildtype,Wildtype,stop_gained,Wildtype,Wildtype,Wildtype,Wildtype,Wildtype,Wildtype,Wildtype,Wildtype,Wildtype,Wildtype,Wildtype
CGGA_1814,1,1,46,2,Wildtype,missense_variant,Wildtype,Wildtype,Wildtype,Wildtype,Wildtype,Wildtype,multiple_variant,Wildtype,Wildtype,Wildtype,Wildtype,Wildtype,Wildtype,Wildtype,Wildtype,Wildtype,Wildtype,Wildtype
CGGA_1826,1,1,70,2,Wildtype,Wildtype,Wildtype,Wildtype,missense_variant,Wildtype,Wildtype,Wildtype,Wildtype,Wildtype,Wildtype,Wildtype,Wildtype,Wildtype,Wildtype,Wildtype,Wildtype,Wildtype,Wildtype,Wildtype
CGGA_1829,0,0,23,2,Wildtype,Wildtype,Wildtype,Wildtype,Wildtype,Wildtype,Wildtype,Wildtype,Wildtype,Wildtype,Wildtype,Wildtype,Wildtype,Wildtype,Wildtype,Wildtype,Wildtype,Wildtype,Wildtype,Wildtype
CGGA_1833,1,1,60,2,Wildtype,Wildtype,Wildtype,Wildtype,Wildtype,Wildtype,Wildtype,missense_variant,Wildtype,Wildtype,Wildtype,Wildtype,Wildtype,Wildtype,Wildtype,Wildtype,Wildtype,Wildtype,Wildtype,Wildtype
CGGA_1840,1,1,58,2,Wildtype,Wildtype,multiple_variant,Wildtype,Wildtype,Wildtype,Wildtype,Wildtype,Wildtype,Wildtype,Wildtype,Wildtype,Wildtype,Wildtype,Wildtype,Wildtype,Wildtype,Wildtype,Wildtype,Wildtype
CGGA_1850,0,0,29,2,missense_variant,frameshift_variant,stop_gained,Wildtype,Wildtype,Wildtype,Wildtype,Wildtype,Wildtype,Wildtype,Wildtype,Wildtype,Wildtype,Wildtype,Wildtype,Wildtype,Wildtype,Wildtype,Wildtype,Wildtype
CGGA_1862,0,0,40,2,Wildtype,Wildtype,Wildtype,Wildtype,missense_variant,Wildtype,Wildtype,Wildtype,Wildtype,Wildtype,Wildtype,Wildtype,Wildtype,Wildtype,Wildtype,Wildtype,Wildtype,Wildtype,Wildtype,Wildtype
CGGA_1901,1,0,60,2,Wildtype,Wildtype,Wildtype,Wildtype,Wildtype,Wildtype,Wildtype,Wildtype,Wildtype,Wildtype,Wildtype,Wildtype,Wildtype,Wildtype,Wildtype,Wildtype,Wildtype,Wildtype,Wildtype,Wildtype
CGGA_1906,0,0,57,2,missense_variant,missense_variant,missense_variant,Wildtype,Wildtype,Wildtype,Wildtype,Wildtype,Wildtype,Wildtype,Wildtype,Wildtype,Wildtype,Wildtype,Wildtype,Wildtype,Wildtype,Wildtype,missense_variant,Wildtype
CGGA_1972,1,0,47,2,Wildtype,Wildtype,Wildtype,Wildtype,missense_variant,Wildtype,Wildtype,Wildtype,Wildtype,Wildtype,Wildtype,Wildtype,Wildtype,Wildtype,Wildtype,Wildtype,Wildtype,Wildtype,Wildtype,Wildtype
CGGA_1985,1,0,41,2,missense_variant,missense_variant,stop_gained,Wildtype,missense_variant,Wildtype,Wildtype,Wildtype,Wildtype,Wildtype,Wildtype,Wildtype,Wildtype,Wildtype,Wildtype,Wildtype,Wildtype,Wildtype,Wildtype,Wildtype
CGGA_1994,0,1,32,2,Wildtype,Wildtype,Wildtype,Wildtype,Wildtype,stop_gained,multiple_variant,Wildtype,Wildtype,Wildtype,Wildtype,Wildtype,multiple_variant,missense_variant,multiple_variant,Wildtype,Wildtype,missense_variant,missense_variant,Wildtype
CGGA_2002,0,0,40,2,missense_variant,missense_variant,Wildtype,Wildtype,Wildtype,Wildtype,Wildtype,Wildtype,Wildtype,Wildtype,Wildtype,Wildtype,Wildtype,Wildtype,Wildtype,Wildtype,Wildtype,Wildtype,Wildtype,Wildtype
CGGA_2003,1,0,40,2,Wildtype,Wildtype,Wildtype,Wildtype,Wildtype,Wildtype,Wildtype,Wildtype,Wildtype,Wildtype,Wildtype,Wildtype,Wildtype,Wildtype,Wildtype,Wildtype,Wildtype,Wildtype,Wildtype,Wildtype
CGGA_2006,0,0,43,2,missense_variant,missense_variant,frameshift_variant,Wildtype,Wildtype,Wildtype,Wildtype,Wildtype,Wildtype,Wildtype,Wildtype,Wildtype,Wildtype,missense_variant,missense_variant,missense_variant,Wildtype,Wildtype,Wildtype,Wildtype
CGGA_2008,1,0,56,2,Wildtype,Wildtype,Wildtype,Wildtype,Wildtype,Wildtype,Wildtype,multiple_variant,Wildtype,Wildtype,Wildtype,Wildtype,Wildtype,Wildtype,Wildtype,Wildtype,Wildtype,Wildtype,Wildtype,Wildtype
CGGA_2013,0,0,41,2,missense_variant,multiple_variant,frameshift_variant,Wildtype,Wildtype,Wildtype,missense_variant,Wildtype,Wildtype,Wildtype,Wildtype,Wildtype,Wildtype,Wildtype,Wildtype,Wildtype,Wildtype,Wildtype,Wildtype,Wildtype
CGGA_2024,1,1,19,2,Wildtype,Wildtype,Wildtype,Wildtype,Wildtype,Wildtype,Wildtype,Wildtype,Wildtype,Wildtype,Wildtype,Wildtype,Wildtype,Wildtype,Wildtype,Wildtype,Wildtype,Wildtype,Wildtype,Wildtype
CGGA_2038,1,0,44,2,missense_variant,missense_variant,frameshift_variant,Wildtype,Wildtype,Wildtype,Wildtype,Wildtype,Wildtype,Wildtype,Wildtype,Wildtype,Wildtype,Wildtype,Wildtype,Wildtype,Wildtype,Wildtype,Wildtype,Wildtype
CGGA_2046,0,0,46,2,missense_variant,missense_variant,frameshift_variant,Wildtype,Wildtype,Wildtype,Wildtype,Wildtype,Wildtype,Wildtype,Wildtype,Wildtype,Wildtype,Wildtype,Wildtype,Wildtype,Wildtype,Wildtype,Wildtype,frameshift_variant
CGGA_2047,1,1,64,2,Wildtype,missense_variant,Wildtype,Wildtype,Wildtype,Wildtype,missense_variant,Wildtype,Wildtype,Wildtype,Wildtype,Wildtype,Wildtype,Wildtype,Wildtype,Wildtype,Wildtype,Wildtype,missense_variant,Wildtype
CGGA_2053,1,0,55,2,Wildtype,Wildtype,Wildtype,Wildtype,Wildtype,Wildtype,Wildtype,Wildtype,Wildtype,Wildtype,Wildtype,Wildtype,Wildtype,Wildtype,Wildtype,Wildtype,Wildtype,Wildtype,Wildtype,Wildtype
CGGA_2062,1,1,63,2,missense_variant,missense_variant,frameshift_variant,Wildtype,Wildtype,Wildtype,Wildtype,Wildtype,Wildtype,Wildtype,Wildtype,Wildtype,Wildtype,Wildtype,Wildtype,Wildtype,Wildtype,Wildtype,Wildtype,missense_variant
CGGA_2075,1,0,63,2,Wildtype,frameshift_variant,Wildtype,frameshift_variant,Wildtype,Wildtype,Wildtype,Wildtype,stop_gained,Wildtype,Wildtype,Wildtype,Wildtype,Wildtype,Wildtype,Wildtype,Wildtype,Wildtype,Wildtype,Wildtype
CGGA_2088,1,1,30,2,Wildtype,Wildtype,missense_variant,Wildtype,Wildtype,Wildtype,missense_variant,Wildtype,Wildtype,Wildtype,Wildtype,Wildtype,Wildtype,missense_variant,Wildtype,Wildtype,Wildtype,Wildtype,Wildtype,Wildtype
CGGA_2099,1,1,40,2,Wildtype,Wildtype,Wildtype,Wildtype,Wildtype,Wildtype,Wildtype,Wildtype,Wildtype,Wildtype,Wildtype,Wildtype,Wildtype,Wildtype,Wildtype,Wildtype,Wildtype,Wildtype,Wildtype,Wildtype
CGGA_2106,1,1,39,2,missense_variant,missense_variant,Wildtype,Wildtype,Wildtype,missense_variant,Wildtype,Wildtype,Wildtype,Wildtype,Wildtype,Wildtype,Wildtype,Wildtype,Wildtype,Wildtype,Wildtype,Wildtype,Wildtype,Wildtype
CGGA_2115,1,1,31,2,Wildtype,multiple_variant,Wildtype,Wildtype,Wildtype,Wildtype,Wildtype,Wildtype,Wildtype,Wildtype,Wildtype,Wildtype,Wildtype,Wildtype,Wildtype,Wildtype,Wildtype,Wildtype,Wildtype,missense_variant
CGGA_2129,0,0,48,2,missense_variant,frameshift_variant,frameshift_variant,Wildtype,Wildtype,Wildtype,missense_variant,Wildtype,Wildtype,Wildtype,Wildtype,Wildtype,Wildtype,frameshift_variant,Wildtype,Wildtype,Wildtype,Wildtype,Wildtype,Wildtype
CGGA_D12,0,1,28,2,Wildtype,Wildtype,stop_gained,Wildtype,Wildtype,Wildtype,Wildtype,Wildtype,Wildtype,Wildtype,Wildtype,Wildtype,Wildtype,Wildtype,Wildtype,Wildtype,Wildtype,Wildtype,Wildtype,Wildtype
CGGA_D14,0,0,27,2,missense_variant,Wildtype,missense_variant,Wildtype,Wildtype,Wildtype,Wildtype,Wildtype,Wildtype,Wildtype,Wildtype,Wildtype,Wildtype,Wildtype,Wildtype,missense_variant,Wildtype,Wildtype,Wildtype,Wildtype
CGGA_D20,0,1,40,2,Wildtype,missense_variant,Wildtype,Wildtype,Wildtype,Wildtype,Wildtype,Wildtype,Wildtype,Wildtype,Wildtype,Wildtype,Wildtype,Wildtype,Wildtype,Wildtype,Wildtype,Wildtype,Wildtype,Wildtype
CGGA_D21,0,1,37,2,Wildtype,Wildtype,frameshift_variant,Wildtype,Wildtype,Wildtype,Wildtype,Wildtype,Wildtype,Wildtype,Wildtype,frameshift_variant,Wildtype,Wildtype,Wildtype,Wildtype,Wildtype,Wildtype,Wildtype,Wildtype
CGGA_D22,0,0,24,2,missense_variant,missense_variant,missense_variant,Wildtype,Wildtype,Wildtype,Wildtype,Wildtype,Wildtype,Wildtype,Wildtype,Wildtype,Wildtype,Wildtype,Wildtype,Wildtype,Wildtype,Wildtype,Wildtype,Wildtype
CGGA_D24,0,1,37,2,Wildtype,Wildtype,Wildtype,Wildtype,Wildtype,Wildtype,Wildtype,Wildtype,Wildtype,Wildtype,Wildtype,Wildtype,Wildtype,Wildtype,Wildtype,Wildtype,Wildtype,Wildtype,Wildtype,Wildtype
CGGA_D25,0,0,44,2,missense_variant,missense_variant,frameshift_variant,Wildtype,Wildtype,Wildtype,missense_variant,Wildtype,Wildtype,Wildtype,Wildtype,Wildtype,Wildtype,Wildtype,Wildtype,Wildtype,Wildtype,Wildtype,Wildtype,Wildtype
CGGA_D27,0,0,33,2,Wildtype,Wildtype,Wildtype,Wildtype,Wildtype,Wildtype,Wildtype,Wildtype,Wildtype,Wildtype,multiple_variant,Wildtype,multiple_variant,Wildtype,Wildtype,Wildtype,Wildtype,Wildtype,Wildtype,Wildtype
CGGA_D28,0,0,25,2,Wildtype,missense_variant,frameshift_variant,Wildtype,Wildtype,Wildtype,Wildtype,Wildtype,Wildtype,Wildtype,Wildtype,Wildtype,Wildtype,Wildtype,Wildtype,Wildtype,Wildtype,Wildtype,Wildtype,Wildtype
CGGA_D31,0,0,28,2,Wildtype,multiple_variant,frameshift_variant,Wildtype,Wildtype,Wildtype,Wildtype,Wildtype,Wildtype,Wildtype,Wildtype,Wildtype,Wildtype,Wildtype,Wildtype,Wildtype,Wildtype,Wildtype,Wildtype,Wildtype
CGGA_D33,0,0,38,2,missense_variant,missense_variant,frameshift_variant,Wildtype,Wildtype,Wildtype,Wildtype,Wildtype,Wildtype,Wildtype,Wildtype,Wildtype,Wildtype,Wildtype,Wildtype,Wildtype,Wildtype,Wildtype,Wildtype,Wildtype
CGGA_D39,0,1,27,2,Wildtype,missense_variant,Wildtype,Wildtype,Wildtype,Wildtype,Wildtype,Wildtype,Wildtype,Wildtype,Wildtype,Wildtype,Wildtype,Wildtype,Wildtype,Wildtype,Wildtype,Wildtype,Wildtype,Wildtype
CGGA_D45,0,0,32,2,Wildtype,Wildtype,Wildtype,Wildtype,Wildtype,inframe_deletion,disruptive_inframe_deletion,Wildtype,Wildtype,Wildtype,Wildtype,Wildtype,disruptive_inframe_deletion,Wildtype,Wildtype,Wildtype,Wildtype,Wildtype,Wildtype,Wildtype
CGGA_D46,0,1,36,2,Wildtype,missense_variant,frameshift_variant,stop_gained,Wildtype,Wildtype,Wildtype,missense_variant,Wildtype,Wildtype,Wildtype,Wildtype,Wildtype,Wildtype,Wildtype,Wildtype,Wildtype,Wildtype,Wildtype,Wildtype
CGGA_D47,0,0,36,2,missense_variant,Wildtype,Wildtype,Wildtype,Wildtype,Wildtype,Wildtype,missense_variant,Wildtype,Wildtype,Wildtype,Wildtype,Wildtype,Wildtype,Wildtype,Wildtype,Wildtype,Wildtype,Wildtype,Wildtype
CGGA_D48,0,1,23,2,missense_variant,Wildtype,frameshift_variant,Wildtype,Wildtype,Wildtype,Wildtype,Wildtype,Wildtype,Wildtype,Wildtype,Wildtype,Wildtype,Wildtype,Wildtype,Wildtype,Wildtype,Wildtype,Wildtype,Wildtype
CGGA_D50,0,0,30,2,missense_variant,Wildtype,Wildtype,Wildtype,Wildtype,missense_variant,Wildtype,Wildtype,Wildtype,Wildtype,Wildtype,Wildtype,Wildtype,Wildtype,Wildtype,Wildtype,Wildtype,Wildtype,Wildtype,Wildtype
CGGA_D51,1,1,60,2,Wildtype,Wildtype,Wildtype,Wildtype,Wildtype,Wildtype,Wildtype,Wildtype,Wildtype,Wildtype,Wildtype,Wildtype,Wildtype,Wildtype,Wildtype,Wildtype,Wildtype,Wildtype,Wildtype,Wildtype
CGGA_J100,1,0,55,2,Wildtype,missense_variant,frameshift_variant,Wildtype,Wildtype,Wildtype,missense_variant,Wildtype,Wildtype,Wildtype,Wildtype,Wildtype,Wildtype,Wildtype,Wildtype,Wildtype,Wildtype,Wildtype,Wildtype,Wildtype
CGGA_J105,1,0,30,2,Wildtype,Wildtype,Wildtype,Wildtype,Wildtype,Wildtype,Wildtype,missense_variant,Wildtype,Wildtype,Wildtype,Wildtype,frameshift_variant,Wildtype,Wildtype,Wildtype,Wildtype,Wildtype,Wildtype,Wildtype
CGGA_J112,0,0,25,2,missense_variant,missense_variant,frameshift_variant,Wildtype,Wildtype,Wildtype,Wildtype,Wildtype,Wildtype,Wildtype,Wildtype,Wildtype,Wildtype,Wildtype,Wildtype,Wildtype,Wildtype,Wildtype,Wildtype,Wildtype
CGGA_J114,0,0,38,2,Wildtype,missense_variant,frameshift_variant,Wildtype,Wildtype,Wildtype,missense_variant,Wildtype,Wildtype,Wildtype,Wildtype,Wildtype,Wildtype,Wildtype,Wildtype,Wildtype,Wildtype,Wildtype,Wildtype,Wildtype
CGGA_J127,0,0,35,2,missense_variant,missense_variant,Wildtype,Wildtype,Wildtype,Wildtype,Wildtype,Wildtype,Wildtype,Wildtype,Wildtype,Wildtype,Wildtype,Wildtype,Wildtype,Wildtype,Wildtype,Wildtype,Wildtype,Wildtype
CGGA_J130,0,0,40,2,Wildtype,Wildtype,Wildtype,Wildtype,Wildtype,Wildtype,Wildtype,Wildtype,Wildtype,Wildtype,Wildtype,Wildtype,Wildtype,Wildtype,Wildtype,Wildtype,Wildtype,Wildtype,Wildtype,Wildtype
CGGA_J18,1,1,38,2,missense_variant,missense_variant,frameshift_variant,Wildtype,Wildtype,Wildtype,Wildtype,Wildtype,Wildtype,Wildtype,Wildtype,Wildtype,Wildtype,Wildtype,Wildtype,Wildtype,Wildtype,Wildtype,Wildtype,Wildtype
CGGA_J24,0,1,29,2,Wildtype,missense_variant,stop_gained,Wildtype,Wildtype,Wildtype,Wildtype,Wildtype,Wildtype,Wildtype,Wildtype,Wildtype,Wildtype,Wildtype,Wildtype,Wildtype,Wildtype,Wildtype,Wildtype,Wildtype
CGGA_J26,0,1,42,2,missense_variant,missense_variant,Wildtype,Wildtype,Wildtype,Wildtype,Wildtype,multiple_variant,Wildtype,Wildtype,Wildtype,Wildtype,Wildtype,Wildtype,Wildtype,Wildtype,Wildtype,Wildtype,Wildtype,Wildtype
CGGA_J30,0,0,38,2,missense_variant,Wildtype,Wildtype,Wildtype,Wildtype,Wildtype,Wildtype,Wildtype,Wildtype,Wildtype,Wildtype,Wildtype,multiple_variant,Wildtype,Wildtype,Wildtype,Wildtype,Wildtype,Wildtype,Wildtype
CGGA_J35,1,0,53,2,Wildtype,missense_variant,frameshift_variant,Wildtype,Wildtype,Wildtype,Wildtype,Wildtype,inframe_deletion,Wildtype,Wildtype,Wildtype,Wildtype,Wildtype,Wildtype,Wildtype,Wildtype,Wildtype,Wildtype,Wildtype
CGGA_J36,1,0,54,2,Wildtype,missense_variant,frameshift_variant,Wildtype,Wildtype,Wildtype,Wildtype,Wildtype,Wildtype,Wildtype,Wildtype,Wildtype,Wildtype,Wildtype,Wildtype,Wildtype,Wildtype,Wildtype,Wildtype,Wildtype
CGGA_J41,0,0,44,2,Wildtype,stop_gained,stop_gained,Wildtype,Wildtype,Wildtype,Wildtype,Wildtype,Wildtype,Wildtype,Wildtype,Wildtype,Wildtype,Wildtype,Wildtype,Wildtype,Wildtype,Wildtype,Wildtype,Wildtype
CGGA_J42,0,0,38,2,Wildtype,multiple_variant,Wildtype,Wildtype,Wildtype,Wildtype,Wildtype,Wildtype,Wildtype,Wildtype,Wildtype,Wildtype,Wildtype,Wildtype,Wildtype,Wildtype,Wildtype,Wildtype,Wildtype,Wildtype
CGGA_J43,0,0,26,2,Wildtype,missense_variant,frameshift_variant,Wildtype,Wildtype,Wildtype,Wildtype,Wildtype,Wildtype,Wildtype,Wildtype,Wildtype,Wildtype,Wildtype,Wildtype,Wildtype,Wildtype,Wildtype,Wildtype,Wildtype
CGGA_J47,0,1,48,2,Wildtype,Wildtype,Wildtype,Wildtype,Wildtype,Wildtype,Wildtype,Wildtype,Wildtype,disruptive_inframe_deletion,Wildtype,Wildtype,Wildtype,Wildtype,Wildtype,Wildtype,Wildtype,Wildtype,Wildtype,Wildtype
CGGA_J8,0,0,45,2,Wildtype,Wildtype,Wildtype,Wildtype,Wildtype,Wildtype,Wildtype,Wildtype,Wildtype,Wildtype,Wildtype,Wildtype,Wildtype,Wildtype,Wildtype,Wildtype,Wildtype,Wildtype,Wildtype,Wildtype
CGGA_P100,1,0,67,2,Wildtype,missense_variant,Wildtype,Wildtype,Wildtype,Wildtype,Wildtype,Wildtype,Wildtype,Wildtype,Wildtype,Wildtype,Wildtype,Wildtype,Wildtype,Wildtype,Wildtype,Wildtype,Wildtype,Wildtype
CGGA_P102,1,0,30,2,missense_variant,missense_variant,missense_variant,Wildtype,Wildtype,Wildtype,Wildtype,Wildtype,Wildtype,Wildtype,Wildtype,Wildtype,Wildtype,Wildtype,Wildtype,Wildtype,Wildtype,Wildtype,Wildtype,missense_variant
CGGA_P103,0,0,34,2,missense_variant,Wildtype,Wildtype,Wildtype,Wildtype,Wildtype,Wildtype,Wildtype,Wildtype,Wildtype,Wildtype,Wildtype,Wildtype,Wildtype,Wildtype,Wildtype,Wildtype,Wildtype,Wildtype,Wildtype
CGGA_P104,0,1,36,2,missense_variant,multiple_variant,frameshift_variant,Wildtype,Wildtype,Wildtype,Wildtype,missense_variant,Wildtype,Wildtype,Wildtype,Wildtype,Wildtype,Wildtype,Wildtype,Wildtype,Wildtype,Wildtype,Wildtype,Wildtype
CGGA_P107,0,0,26,2,missense_variant,missense_variant,Wildtype,Wildtype,Wildtype,Wildtype,Wildtype,Wildtype,Wildtype,Wildtype,Wildtype,Wildtype,Wildtype,Wildtype,Wildtype,Wildtype,Wildtype,Wildtype,Wildtype,Wildtype
CGGA_P108,0,1,30,2,Wildtype,missense_variant,Wildtype,Wildtype,Wildtype,Wildtype,Wildtype,missense_variant,multiple_variant,Wildtype,Wildtype,Wildtype,Wildtype,missense_variant,Wildtype,Wildtype,Wildtype,Wildtype,missense_variant,Wildtype
CGGA_P110,0,1,56,2,Wildtype,Wildtype,Wildtype,Wildtype,Wildtype,Wildtype,Wildtype,Wildtype,Wildtype,Wildtype,Wildtype,Wildtype,Wildtype,Wildtype,Wildtype,Wildtype,Wildtype,Wildtype,Wildtype,Wildtype
CGGA_P111,0,1,44,2,missense_variant,missense_variant,Wildtype,Wildtype,Wildtype,Wildtype,Wildtype,Wildtype,Wildtype,Wildtype,Wildtype,Wildtype,Wildtype,Wildtype,Wildtype,Wildtype,Wildtype,Wildtype,Wildtype,Wildtype
CGGA_P112,1,0,65,2,Wildtype,Wildtype,Wildtype,Wildtype,Wildtype,Wildtype,Wildtype,Wildtype,Wildtype,Wildtype,Wildtype,Wildtype,Wildtype,Wildtype,Wildtype,Wildtype,Wildtype,Wildtype,Wildtype,Wildtype
CGGA_P113,0,0,32,2,Wildtype,Wildtype,Wildtype,Wildtype,Wildtype,Wildtype,Wildtype,Wildtype,Wildtype,Wildtype,Wildtype,Wildtype,Wildtype,Wildtype,Wildtype,Wildtype,Wildtype,Wildtype,Wildtype,Wildtype
CGGA_P114,0,0,32,2,missense_variant,frameshift_variant,Wildtype,Wildtype,Wildtype,Wildtype,Wildtype,Wildtype,Wildtype,Wildtype,Wildtype,Wildtype,Wildtype,Wildtype,Wildtype,Wildtype,Wildtype,Wildtype,Wildtype,Wildtype
CGGA_P115,0,0,25,2,Wildtype,Wildtype,Wildtype,Wildtype,Wildtype,Wildtype,Wildtype,Wildtype,Wildtype,Wildtype,Wildtype,Wildtype,Wildtype,Wildtype,Wildtype,Wildtype,Wildtype,Wildtype,Wildtype,Wildtype
CGGA_P116,1,0,58,2,Wildtype,missense_variant,Wildtype,Wildtype,Wildtype,multiple_variant,Wildtype,Wildtype,Wildtype,Wildtype,Wildtype,multiple_variant,Wildtype,Wildtype,Wildtype,Wildtype,Wildtype,Wildtype,Wildtype,Wildtype
CGGA_P117,0,0,24,2,Wildtype,Wildtype,Wildtype,Wildtype,Wildtype,Wildtype,Wildtype,Wildtype,Wildtype,Wildtype,Wildtype,Wildtype,Wildtype,Wildtype,Wildtype,Wildtype,Wildtype,Wildtype,Wildtype,Wildtype
CGGA_P118,0,1,43,2,missense_variant,missense_variant,Wildtype,Wildtype,Wildtype,multiple_variant,Wildtype,Wildtype,Wildtype,Wildtype,Wildtype,Wildtype,Wildtype,Wildtype,Wildtype,Wildtype,Wildtype,Wildtype,Wildtype,Wildtype
CGGA_P121,0,0,39,2,Wildtype,Wildtype,Wildtype,Wildtype,Wildtype,Wildtype,Wildtype,Wildtype,Wildtype,Wildtype,Wildtype,Wildtype,Wildtype,Wildtype,Wildtype,Wildtype,Wildtype,Wildtype,Wildtype,Wildtype
CGGA_P122,0,0,43,2,missense_variant,Wildtype,Wildtype,Wildtype,Wildtype,Wildtype,Wildtype,Wildtype,Wildtype,missense_variant,Wildtype,Wildtype,Wildtype,Wildtype,Wildtype,Wildtype,Wildtype,Wildtype,Wildtype,Wildtype
CGGA_P128,0,0,41,2,missense_variant,Wildtype,Wildtype,Wildtype,Wildtype,Wildtype,Wildtype,Wildtype,Wildtype,Wildtype,Wildtype,Wildtype,Wildtype,Wildtype,Wildtype,Wildtype,Wildtype,Wildtype,Wildtype,Wildtype
CGGA_P131,0,1,45,2,missense_variant,Wildtype,Wildtype,Wildtype,Wildtype,Wildtype,Wildtype,Wildtype,Wildtype,Wildtype,Wildtype,Wildtype,Wildtype,Wildtype,Wildtype,Wildtype,Wildtype,Wildtype,Wildtype,Wildtype
CGGA_P132,0,0,42,2,missense_variant,Wildtype,Wildtype,Wildtype,Wildtype,Wildtype,Wildtype,Wildtype,Wildtype,Wildtype,Wildtype,Wildtype,Wildtype,Wildtype,Wildtype,Wildtype,Wildtype,Wildtype,Wildtype,Wildtype
CGGA_P137,0,0,42,2,missense_variant,stop_gained,frameshift_variant,Wildtype,Wildtype,Wildtype,Wildtype,Wildtype,missense_variant,Wildtype,Wildtype,Wildtype,missense_variant,Wildtype,Wildtype,Wildtype,Wildtype,Wildtype,Wildtype,Wildtype
CGGA_P142,0,0,45,2,missense_variant,Wildtype,Wildtype,Wildtype,Wildtype,Wildtype,missense_variant,Wildtype,Wildtype,Wildtype,Wildtype,Wildtype,Wildtype,Wildtype,Wildtype,Wildtype,Wildtype,Wildtype,Wildtype,Wildtype
CGGA_P143,1,1,66,2,Wildtype,missense_variant,Wildtype,Wildtype,Wildtype,Wildtype,Wildtype,Wildtype,Wildtype,Wildtype,Wildtype,Wildtype,Wildtype,Wildtype,Wildtype,Wildtype,Wildtype,Wildtype,Wildtype,Wildtype
CGGA_P144,0,0,44,2,missense_variant,missense_variant,stop_gained,Wildtype,Wildtype,Wildtype,Wildtype,Wildtype,Wildtype,Wildtype,Wildtype,Wildtype,Wildtype,Wildtype,Wildtype,Wildtype,Wildtype,Wildtype,Wildtype,Wildtype
CGGA_P147,0,0,52,2,missense_variant,Wildtype,Wildtype,Wildtype,Wildtype,inframe_deletion,Wildtype,inframe_deletion,Wildtype,Wildtype,frameshift_variant,Wildtype,disruptive_inframe_deletion,Wildtype,Wildtype,Wildtype,Wildtype,Wildtype,Wildtype,Wildtype
CGGA_P150,0,0,34,2,missense_variant,missense_variant,Wildtype,Wildtype,Wildtype,Wildtype,Wildtype,Wildtype,Wildtype,Wildtype,Wildtype,Wildtype,Wildtype,Wildtype,Wildtype,Wildtype,Wildtype,Wildtype,Wildtype,Wildtype
CGGA_P151,0,1,46,2,missense_variant,multiple_variant,missense_variant,Wildtype,Wildtype,Wildtype,missense_variant,Wildtype,Wildtype,Wildtype,Wildtype,Wildtype,Wildtype,Wildtype,Wildtype,Wildtype,Wildtype,Wildtype,Wildtype,Wildtype
CGGA_P153,0,0,45,2,missense_variant,missense_variant,Wildtype,Wildtype,Wildtype,Wildtype,Wildtype,Wildtype,Wildtype,Wildtype,Wildtype,Wildtype,Wildtype,Wildtype,Wildtype,Wildtype,Wildtype,Wildtype,Wildtype,Wildtype
CGGA_P155,0,0,50,2,Wildtype,Wildtype,Wildtype,Wildtype,Wildtype,Wildtype,Wildtype,Wildtype,Wildtype,Wildtype,Wildtype,Wildtype,Wildtype,frameshift_variant,Wildtype,Wildtype,Wildtype,Wildtype,Wildtype,Wildtype
CGGA_P156,0,0,30,2,missense_variant,Wildtype,Wildtype,Wildtype,Wildtype,Wildtype,Wildtype,Wildtype,Wildtype,Wildtype,Wildtype,Wildtype,Wildtype,Wildtype,Wildtype,Wildtype,Wildtype,Wildtype,Wildtype,Wildtype
CGGA_P157,0,1,55,2,Wildtype,Wildtype,Wildtype,multiple_variant,Wildtype,Wildtype,Wildtype,Wildtype,multiple_variant,Wildtype,Wildtype,Wildtype,Wildtype,Wildtype,frameshift_variant,Wildtype,Wildtype,Wildtype,Wildtype,Wildtype
CGGA_P158,0,0,27,2,missense_variant,Wildtype,Wildtype,Wildtype,Wildtype,missense_variant,Wildtype,Wildtype,Wildtype,Wildtype,Wildtype,Wildtype,Wildtype,Wildtype,Wildtype,Wildtype,Wildtype,Wildtype,Wildtype,Wildtype
CGGA_P159,0,0,59,2,Wildtype,Wildtype,Wildtype,Wildtype,Wildtype,Wildtype,Wildtype,Wildtype,Wildtype,Wildtype,Wildtype,Wildtype,Wildtype,Wildtype,Wildtype,Wildtype,Wildtype,Wildtype,Wildtype,Wildtype
CGGA_P160,1,1,72,2,Wildtype,Wildtype,Wildtype,Wildtype,Wildtype,Wildtype,Wildtype,Wildtype,Wildtype,Wildtype,Wildtype,Wildtype,Wildtype,Wildtype,Wildtype,Wildtype,Wildtype,Wildtype,Wildtype,missense_variant
CGGA_P163,0,1,45,2,missense_variant,missense_variant,Wildtype,Wildtype,Wildtype,Wildtype,Wildtype,Wildtype,Wildtype,Wildtype,Wildtype,Wildtype,Wildtype,Wildtype,Wildtype,Wildtype,Wildtype,Wildtype,Wildtype,Wildtype
CGGA_P164,1,0,27,2,Wildtype,Wildtype,Wildtype,Wildtype,Wildtype,Wildtype,Wildtype,Wildtype,Wildtype,Wildtype,Wildtype,Wildtype,Wildtype,Wildtype,Wildtype,Wildtype,Wildtype,Wildtype,Wildtype,Wildtype
CGGA_P165,0,1,51,2,missense_variant,Wildtype,Wildtype,Wildtype,Wildtype,missense_variant,Wildtype,missense_variant,Wildtype,Wildtype,Wildtype,Wildtype,Wildtype,Wildtype,Wildtype,missense_variant,Wildtype,Wildtype,Wildtype,Wildtype
CGGA_P167,0,0,59,2,missense_variant,missense_variant,Wildtype,Wildtype,Wildtype,Wildtype,missense_variant,Wildtype,Wildtype,Wildtype,Wildtype,Wildtype,Wildtype,Wildtype,Wildtype,Wildtype,Wildtype,Wildtype,Wildtype,Wildtype
CGGA_P172,0,0,33,2,missense_variant,multiple_variant,stop_gained,Wildtype,Wildtype,Wildtype,Wildtype,Wildtype,Wildtype,Wildtype,Wildtype,Wildtype,Wildtype,Wildtype,Wildtype,Wildtype,Wildtype,Wildtype,Wildtype,Wildtype
CGGA_P173,0,0,31,2,missense_variant,frameshift_variant,frameshift_variant,Wildtype,Wildtype,Wildtype,Wildtype,Wildtype,Wildtype,Wildtype,Wildtype,Wildtype,Wildtype,Wildtype,Wildtype,Wildtype,Wildtype,Wildtype,Wildtype,Wildtype
CGGA_P174,0,0,31,2,missense_variant,Wildtype,Wildtype,Wildtype,Wildtype,multiple_variant,Wildtype,Wildtype,Wildtype,Wildtype,Wildtype,Wildtype,Wildtype,Wildtype,Wildtype,Wildtype,Wildtype,Wildtype,Wildtype,Wildtype
CGGA_P175,1,0,45,2,Wildtype,Wildtype,Wildtype,missense_variant,missense_variant,Wildtype,Wildtype,Wildtype,Wildtype,Wildtype,Wildtype,Wildtype,Wildtype,Wildtype,Wildtype,Wildtype,Wildtype,Wildtype,Wildtype,Wildtype
CGGA_P176,0,1,32,2,missense_variant,Wildtype,Wildtype,Wildtype,Wildtype,frameshift_variant,Wildtype,Wildtype,Wildtype,Wildtype,Wildtype,Wildtype,Wildtype,Wildtype,Wildtype,Wildtype,Wildtype,Wildtype,Wildtype,Wildtype
CGGA_P177,0,0,43,2,Wildtype,Wildtype,Wildtype,Wildtype,Wildtype,Wildtype,Wildtype,Wildtype,Wildtype,Wildtype,Wildtype,Wildtype,Wildtype,Wildtype,Wildtype,Wildtype,Wildtype,Wildtype,Wildtype,Wildtype
CGGA_P178,1,1,52,2,Wildtype,missense_variant,Wildtype,Wildtype,Wildtype,Wildtype,Wildtype,Wildtype,Wildtype,Wildtype,Wildtype,Wildtype,Wildtype,Wildtype,Wildtype,Wildtype,Wildtype,Wildtype,Wildtype,Wildtype
CGGA_P179,0,1,53,2,missense_variant,missense_variant,Wildtype,Wildtype,Wildtype,Wildtype,Wildtype,Wildtype,Wildtype,Wildtype,Wildtype,Wildtype,Wildtype,Wildtype,Wildtype,Wildtype,Wildtype,Wildtype,Wildtype,Wildtype
CGGA_P180,1,0,47,2,synonymous_variant,Wildtype,Wildtype,inframe_deletion,Wildtype,Wildtype,Wildtype,Wildtype,Wildtype,Wildtype,Wildtype,Wildtype,Wildtype,Wildtype,Wildtype,Wildtype,missense_variant,Wildtype,Wildtype,Wildtype
CGGA_P181,0,1,21,2,Wildtype,multiple_variant,Wildtype,Wildtype,Wildtype,Wildtype,Wildtype,Wildtype,Wildtype,Wildtype,Wildtype,Wildtype,Wildtype,Wildtype,Wildtype,Wildtype,Wildtype,Wildtype,Wildtype,Wildtype
CGGA_P182,1,1,58,2,Wildtype,missense_variant,Wildtype,Wildtype,Wildtype,Wildtype,missense_variant,Wildtype,Wildtype,Wildtype,Wildtype,Wildtype,Wildtype,Wildtype,Wildtype,Wildtype,Wildtype,Wildtype,Wildtype,Wildtype
CGGA_P183,0,0,58,2,missense_variant,Wildtype,Wildtype,Wildtype,Wildtype,Wildtype,Wildtype,Wildtype,Wildtype,Wildtype,frameshift_variant,Wildtype,Wildtype,Wildtype,Wildtype,Wildtype,Wildtype,Wildtype,Wildtype,Wildtype
CGGA_P185,0,1,41,2,missense_variant,missense_variant,frameshift_variant,Wildtype,Wildtype,Wildtype,Wildtype,Wildtype,Wildtype,Wildtype,Wildtype,Wildtype,Wildtype,Wildtype,Wildtype,Wildtype,Wildtype,Wildtype,Wildtype,Wildtype
CGGA_P197,0,0,37,2,missense_variant,Wildtype,Wildtype,Wildtype,Wildtype,Wildtype,Wildtype,Wildtype,Wildtype,Wildtype,Wildtype,Wildtype,Wildtype,Wildtype,Wildtype,Wildtype,Wildtype,Wildtype,Wildtype,Wildtype
CGGA_P198,0,1,46,2,Wildtype,Wildtype,Wildtype,Wildtype,Wildtype,missense_variant,Wildtype,Wildtype,Wildtype,Wildtype,frameshift_variant,Wildtype,Wildtype,Wildtype,Wildtype,Wildtype,Wildtype,Wildtype,Wildtype,Wildtype
CGGA_P205,1,0,66,2,Wildtype,Wildtype,Wildtype,Wildtype,Wildtype,Wildtype,Wildtype,Wildtype,Wildtype,Wildtype,Wildtype,Wildtype,Wildtype,Wildtype,Wildtype,Wildtype,Wildtype,Wildtype,Wildtype,Wildtype
CGGA_P265,0,0,36,2,Wildtype,Wildtype,Wildtype,Wildtype,Wildtype,Wildtype,Wildtype,Wildtype,Wildtype,Wildtype,Wildtype,Wildtype,Wildtype,Wildtype,Wildtype,Wildtype,Wildtype,Wildtype,Wildtype,Wildtype
CGGA_P266,0,1,28,2,Wildtype,Wildtype,missense_variant,Wildtype,Wildtype,Wildtype,Wildtype,inframe_deletion,stop_gained,Wildtype,Wildtype,Wildtype,Wildtype,missense_variant,Wildtype,Wildtype,Wildtype,Wildtype,Wildtype,Wildtype
CGGA_P270,0,0,33,2,missense_variant,missense_variant,multiple_variant,Wildtype,Wildtype,Wildtype,Wildtype,Wildtype,Wildtype,Wildtype,Wildtype,Wildtype,Wildtype,Wildtype,Wildtype,Wildtype,Wildtype,Wildtype,Wildtype,Wildtype
CGGA_P271,0,0,42,2,missense_variant,frameshift_variant,multiple_variant,Wildtype,Wildtype,Wildtype,Wildtype,Wildtype,Wildtype,Wildtype,Wildtype,Wildtype,Wildtype,Wildtype,Wildtype,Wildtype,Wildtype,Wildtype,Wildtype,Wildtype
CGGA_P335,1,0,42,2,missense_variant,Wildtype,Wildtype,Wildtype,Wildtype,Wildtype,Wildtype,Wildtype,Wildtype,inframe_deletion,Wildtype,Wildtype,multiple_variant,Wildtype,Wildtype,Wildtype,Wildtype,Wildtype,Wildtype,Wildtype
CGGA_P337,0,1,61,2,missense_variant,Wildtype,Wildtype,Wildtype,Wildtype,missense_variant,Wildtype,Wildtype,Wildtype,Wildtype,Wildtype,Wildtype,Wildtype,Wildtype,Wildtype,Wildtype,Wildtype,Wildtype,Wildtype,Wildtype
CGGA_P388,0,1,37,2,missense_variant,missense_variant,frameshift_variant,Wildtype,Wildtype,Wildtype,Wildtype,Wildtype,Wildtype,Wildtype,Wildtype,Wildtype,Wildtype,Wildtype,Wildtype,Wildtype,Wildtype,Wildtype,Wildtype,Wildtype
CGGA_P392,0,0,35,2,missense_variant,Wildtype,Wildtype,Wildtype,Wildtype,frameshift_variant,Wildtype,Wildtype,Wildtype,Wildtype,Wildtype,Wildtype,Wildtype,Wildtype,Wildtype,Wildtype,Wildtype,Wildtype,Wildtype,Wildtype
CGGA_P401,1,0,31,2,missense_variant,missense_variant,frameshift_variant,Wildtype,Wildtype,Wildtype,Wildtype,Wildtype,Wildtype,Wildtype,Wildtype,Wildtype,Wildtype,Wildtype,Wildtype,Wildtype,Wildtype,Wildtype,Wildtype,Wildtype
CGGA_P411,1,1,47,2,missense_variant,missense_variant,Wildtype,Wildtype,Wildtype,Wildtype,Wildtype,Wildtype,Wildtype,Wildtype,Wildtype,Wildtype,Wildtype,Wildtype,Wildtype,Wildtype,Wildtype,Wildtype,Wildtype,Wildtype
CGGA_P415,1,1,56,2,Wildtype,Wildtype,Wildtype,Wildtype,Wildtype,Wildtype,Wildtype,Wildtype,Wildtype,Wildtype,Wildtype,Wildtype,Wildtype,Wildtype,Wildtype,Wildtype,Wildtype,Wildtype,Wildtype,Wildtype
CGGA_P416,0,0,29,2,missense_variant,Wildtype,Wildtype,Wildtype,Wildtype,missense_variant,Wildtype,missense_variant,Wildtype,Wildtype,Wildtype,Wildtype,Wildtype,Wildtype,Wildtype,Wildtype,Wildtype,Wildtype,Wildtype,Wildtype
CGGA_P421,0,0,26,2,missense_variant,missense_variant,frameshift_variant,Wildtype,Wildtype,Wildtype,Wildtype,Wildtype,Wildtype,Wildtype,Wildtype,Wildtype,Wildtype,Wildtype,Wildtype,Wildtype,Wildtype,Wildtype,Wildtype,Wildtype
CGGA_P422,0,1,41,2,missense_variant,Wildtype,Wildtype,Wildtype,Wildtype,Wildtype,Wildtype,Wildtype,Wildtype,Wildtype,Wildtype,Wildtype,Wildtype,Wildtype,Wildtype,Wildtype,Wildtype,Wildtype,Wildtype,Wildtype
CGGA_P437,0,1,47,2,Wildtype,Wildtype,Wildtype,Wildtype,Wildtype,frameshift_variant,Wildtype,Wildtype,Wildtype,Wildtype,Wildtype,Wildtype,Wildtype,frameshift_variant,Wildtype,Wildtype,Wildtype,missense_variant,Wildtype,Wildtype
CGGA_P438,0,0,41,2,missense_variant,Wildtype,Wildtype,Wildtype,Wildtype,frameshift_variant,Wildtype,Wildtype,Wildtype,Wildtype,Wildtype,Wildtype,Wildtype,Wildtype,Wildtype,Wildtype,Wildtype,Wildtype,Wildtype,Wildtype
CGGA_P439,0,0,45,2,missense_variant,multiple_variant,missense_variant,Wildtype,Wildtype,Wildtype,Wildtype,Wildtype,Wildtype,Wildtype,Wildtype,Wildtype,Wildtype,Wildtype,Wildtype,Wildtype,Wildtype,Wildtype,Wildtype,Wildtype
CGGA_P446,0,1,47,2,missense_variant,Wildtype,Wildtype,Wildtype,Wildtype,Wildtype,Wildtype,Wildtype,Wildtype,Wildtype,frameshift_variant,Wildtype,frameshift_variant,Wildtype,Wildtype,Wildtype,Wildtype,Wildtype,Wildtype,Wildtype
CGGA_P461,0,0,28,2,missense_variant,missense_variant,frameshift_variant,Wildtype,Wildtype,Wildtype,Wildtype,Wildtype,Wildtype,Wildtype,Wildtype,Wildtype,Wildtype,Wildtype,Wildtype,Wildtype,Wildtype,Wildtype,Wildtype,Wildtype
CGGA_P468,0,1,42,2,missense_variant,Wildtype,Wildtype,Wildtype,Wildtype,frameshift_variant,Wildtype,Wildtype,Wildtype,Wildtype,Wildtype,Wildtype,multiple_variant,Wildtype,Wildtype,Wildtype,Wildtype,Wildtype,Wildtype,Wildtype
CGGA_P483,0,0,41,2,Wildtype,Wildtype,frameshift_variant,Wildtype,Wildtype,Wildtype,Wildtype,Wildtype,Wildtype,Wildtype,missense_variant,Wildtype,Wildtype,Wildtype,Wildtype,Wildtype,Wildtype,Wildtype,Wildtype,Wildtype
CGGA_P492,0,1,44,2,missense_variant,Wildtype,Wildtype,Wildtype,Wildtype,multiple_variant,Wildtype,Wildtype,Wildtype,Wildtype,Wildtype,Wildtype,inframe_deletion,Wildtype,Wildtype,Wildtype,Wildtype,Wildtype,Wildtype,Wildtype
CGGA_P499,1,1,69,2,Wildtype,Wildtype,Wildtype,Wildtype,Wildtype,Wildtype,Wildtype,Wildtype,Wildtype,Wildtype,Wildtype,Wildtype,Wildtype,Wildtype,Wildtype,Wildtype,Wildtype,Wildtype,Wildtype,Wildtype
CGGA_P500,0,1,34,2,missense_variant,Wildtype,Wildtype,Wildtype,Wildtype,missense_variant,Wildtype,Wildtype,Wildtype,Wildtype,Wildtype,Wildtype,missense_variant,Wildtype,Wildtype,Wildtype,Wildtype,Wildtype,Wildtype,Wildtype
CGGA_P501,0,0,27,2,missense_variant,multiple_variant,stop_gained,Wildtype,Wildtype,Wildtype,Wildtype,Wildtype,Wildtype,Wildtype,Wildtype,Wildtype,Wildtype,Wildtype,Wildtype,Wildtype,Wildtype,Wildtype,Wildtype,Wildtype
CGGA_P505,0,0,34,2,missense_variant,missense_variant,multiple_variant,Wildtype,Wildtype,Wildtype,missense_variant,Wildtype,Wildtype,Wildtype,Wildtype,Wildtype,Wildtype,Wildtype,Wildtype,Wildtype,Wildtype,Wildtype,Wildtype,Wildtype
CGGA_P508,0,0,40,2,missense_variant,multiple_variant,frameshift_variant,Wildtype,Wildtype,Wildtype,stop_gained,Wildtype,Wildtype,Wildtype,Wildtype,Wildtype,Wildtype,Wildtype,Wildtype,Wildtype,Wildtype,missense_variant,Wildtype,Wildtype
CGGA_P510,0,0,42,2,Wildtype,Wildtype,Wildtype,Wildtype,missense_variant,Wildtype,Wildtype,Wildtype,Wildtype,Wildtype,Wildtype,Wildtype,Wildtype,Wildtype,Wildtype,Wildtype,Wildtype,Wildtype,Wildtype,Wildtype
CGGA_P512,1,0,23,2,Wildtype,multiple_variant,frameshift_variant,multiple_variant,Wildtype,Wildtype,Wildtype,Wildtype,multiple_variant,Wildtype,Wildtype,Wildtype,Wildtype,frameshift_variant,Wildtype,Wildtype,Wildtype,Wildtype,Wildtype,missense_variant
CGGA_P520,0,1,44,2,missense_variant,Wildtype,Wildtype,Wildtype,Wildtype,frameshift_variant,Wildtype,Wildtype,Wildtype,Wildtype,multiple_variant,Wildtype,Wildtype,Wildtype,Wildtype,Wildtype,Wildtype,Wildtype,Wildtype,Wildtype
CGGA_P568,0,1,23,2,missense_variant,missense_variant,frameshift_variant,Wildtype,Wildtype,Wildtype,Wildtype,Wildtype,Wildtype,Wildtype,Wildtype,Wildtype,Wildtype,Wildtype,Wildtype,Wildtype,Wildtype,Wildtype,Wildtype,Wildtype
CGGA_P585,1,0,50,2,Wildtype,missense_variant,Wildtype,Wildtype,Wildtype,Wildtype,Wildtype,Wildtype,Wildtype,Wildtype,Wildtype,Wildtype,Wildtype,Wildtype,Wildtype,Wildtype,Wildtype,Wildtype,Wildtype,Wildtype
CGGA_P594,0,0,40,2,Wildtype,Wildtype,Wildtype,Wildtype,missense_variant,Wildtype,multiple_variant,Wildtype,Wildtype,Wildtype,Wildtype,Wildtype,Wildtype,Wildtype,Wildtype,Wildtype,Wildtype,Wildtype,Wildtype,Wildtype
CGGA_P596,1,1,60,2,Wildtype,Wildtype,Wildtype,Wildtype,Wildtype,Wildtype,Wildtype,Wildtype,Wildtype,Wildtype,stop_gained,Wildtype,multiple_variant,Wildtype,Wildtype,Wildtype,Wildtype,missense_variant,Wildtype,Wildtype
CGGA_P604,0,1,15,2,Wildtype,missense_variant,missense_variant,Wildtype,Wildtype,Wildtype,missense_variant,Wildtype,Wildtype,Wildtype,Wildtype,Wildtype,missense_variant,Wildtype,Wildtype,Wildtype,frameshift_variant,Wildtype,Wildtype,Wildtype
CGGA_P609,1,1,19,2,Wildtype,missense_variant,Wildtype,frameshift_variant,Wildtype,Wildtype,Wildtype,Wildtype,multiple_variant,Wildtype,Wildtype,Wildtype,Wildtype,Wildtype,Wildtype,Wildtype,Wildtype,Wildtype,Wildtype,Wildtype
CGGA_P610,1,0,62,2,Wildtype,Wildtype,Wildtype,Wildtype,Wildtype,Wildtype,Wildtype,Wildtype,Wildtype,Wildtype,Wildtype,Wildtype,Wildtype,Wildtype,Wildtype,Wildtype,Wildtype,Wildtype,Wildtype,Wildtype
CGGA_P615,0,0,40,2,missense_variant,Wildtype,Wildtype,Wildtype,Wildtype,Wildtype,Wildtype,Wildtype,Wildtype,Wildtype,Wildtype,Wildtype,Wildtype,Wildtype,Wildtype,Wildtype,Wildtype,Wildtype,Wildtype,Wildtype
CGGA_P619,1,1,66,2,Wildtype,missense_variant,Wildtype,Wildtype,Wildtype,Wildtype,Wildtype,Wildtype,Wildtype,Wildtype,Wildtype,Wildtype,Wildtype,Wildtype,Wildtype,Wildtype,Wildtype,Wildtype,Wildtype,Wildtype
CGGA_P623,0,0,52,2,missense_variant,Wildtype,stop_gained,Wildtype,Wildtype,Wildtype,Wildtype,Wildtype,Wildtype,Wildtype,Wildtype,Wildtype,Wildtype,Wildtype,Wildtype,Wildtype,Wildtype,Wildtype,Wildtype,Wildtype
CGGA_P625,1,1,46,2,missense_variant,missense_variant,multiple_variant,Wildtype,Wildtype,Wildtype,Wildtype,Wildtype,Wildtype,Wildtype,Wildtype,Wildtype,Wildtype,Wildtype,Wildtype,Wildtype,Wildtype,Wildtype,Wildtype,Wildtype
CGGA_P633,0,1,40,2,missense_variant,multiple_variant,Wildtype,Wildtype,Wildtype,Wildtype,Wildtype,Wildtype,Wildtype,Wildtype,Wildtype,Wildtype,Wildtype,Wildtype,Wildtype,Wildtype,Wildtype,Wildtype,Wildtype,Wildtype
CGGA_P83,0,1,28,2,missense_variant,missense_variant,frameshift_variant,Wildtype,Wildtype,Wildtype,Wildtype,Wildtype,Wildtype,Wildtype,Wildtype,Wildtype,Wildtype,Wildtype,Wildtype,Wildtype,Wildtype,Wildtype,Wildtype,Wildtype
CGGA_P84,0,1,40,2,missense_variant,frameshift_variant,missense_variant,Wildtype,Wildtype,Wildtype,Wildtype,Wildtype,Wildtype,Wildtype,Wildtype,Wildtype,Wildtype,Wildtype,Wildtype,Wildtype,Wildtype,Wildtype,Wildtype,Wildtype
CGGA_P86,0,1,34,2,missense_variant,Wildtype,Wildtype,Wildtype,Wildtype,Wildtype,Wildtype,Wildtype,Wildtype,Wildtype,Wildtype,Wildtype,Wildtype,Wildtype,Wildtype,Wildtype,Wildtype,Wildtype,Wildtype,Wildtype
CGGA_P87,1,0,32,2,missense_variant,missense_variant,frameshift_variant,Wildtype,Wildtype,Wildtype,multiple_variant,Wildtype,Wildtype,missense_variant,Wildtype,Wildtype,Wildtype,Wildtype,Wildtype,missense_variant,Wildtype,Wildtype,multiple_variant,multiple_variant
CGGA_P89,1,0,42,2,Wildtype,Wildtype,Wildtype,Wildtype,multiple_variant,Wildtype,Wildtype,Wildtype,Wildtype,Wildtype,Wildtype,Wildtype,Wildtype,Wildtype,Wildtype,Wildtype,Wildtype,Wildtype,Wildtype,Wildtype
CGGA_P90,1,1,52,2,Wildtype,Wildtype,Wildtype,Wildtype,Wildtype,Wildtype,Wildtype,Wildtype,Wildtype,Wildtype,Wildtype,Wildtype,Wildtype,Wildtype,Wildtype,Wildtype,Wildtype,Wildtype,Wildtype,Wildtype
CGGA_P95,0,1,44,2,missense_variant,missense_variant,missense_variant,Wildtype,Wildtype,Wildtype,Wildtype,Wildtype,Wildtype,missense_variant,Wildtype,Wildtype,Wildtype,Wildtype,Wildtype,missense_variant,Wildtype,Wildtype,Wildtype,Wildtype
CGGA_P99,1,0,52,2,missense_variant,missense_variant,frameshift_variant,Wildtype,Wildtype,Wildtype,Wildtype,Wildtype,Wildtype,inframe_deletion,Wildtype,Wildtype,Wildtype,Wildtype,Wildtype,Wildtype,Wildtype,Wildtype,Wildtype,Wildtype
